"lat","lon","status"
30.2793,-88.0934,"Active"
30.2582,-89.2631,"Active"
25.4645,-80.119,"Active"
30.2163,-89.0682,"Active"
24.4723,-81.8696,"Active"
27.8123,-97.0383,"Active"
30.3148,-88.6196,"Active"
27.9162,-96.314,"Active"
25.1195,-80.9357,"Active"
30.3243,-89.3264,"Active"
30.5053,-88.6309,"Active"
30.3061,-88.4188,"Active"
28.9757,-89.2091,"Active"
29.9779,-86.5238,"Active"
28.6433,-91.8774,"Active"
27.022,-96.713,"Active"
30.3816,-88.5806,"Active"
25.4841,-80.1055,"Active"
26.8205,-80.0303,"Active"
29.7839,-91.1758,"Active"
30.3669,-86.5857,"Active"
30.3704,-88.8395,"Active"
30.3697,-88.6316,"Active"
29.2808,-83.1147,"Active"
29.2938,-83.1123,"Active"
26.7831,-80.0329,"Active"
29.6772,-85.069,"Active"
27.9169,-93.5915,"Active"
26.9893,-80.0112,"Active"
29.26,-83.1564,"Active"
29.1894,-95.1343,"Active"
24.4841,-81.7573,"Active"
24.4762,-81.7291,"Active"
26.9823,-80.02,"Active"
24.5885,-81.7413,"Active"
30.0188,-88.5418,"Active"
25.4567,-80.1249,"Active"
30.3881,-86.8427,"Planned"
27.9416,-93.6232,"Planned"
30.3796,-88.8365,"Active"
27.1563,-80.2313,"Active"
30.2179,-87.8725,"Active"
29.706,-93.867,"Active"
27.6948,-97.3445,"Active"
30.3199,-88.5333,"Active"
29.5632,-91.2168,"Active"
24.4262,-81.8774,"Active"
29.4684,-91.2716,"Active"
30.1181,-88.927,"Planned"
24.4236,-81.9787,"Active"
30.2946,-88.7404,"Active"
24.4108,-81.9911,"Active"
30.3175,-88.7918,"Active"
30.3123,-87.1272,"Active"
29.6691,-93.7206,"Active"
29.6601,-93.8288,"Active"
30.3676,-88.8898,"Active"
29.934,-93.8723,"Active"
30.4214,-88.8596,"Active"
30.1829,-89.6841,"Active"
27.9766,-92.3574,"Active"
30.3425,-88.2738,"Active"
30.3794,-88.8856,"Active"
27.7895,-96.2252,"Active"
29.8747,-85.3154,"Active"
30.0239,-93.2184,"Active"
30.2341,-88.9373,"Active"
29.4848,-94.607,"Active"
29.7119,-85.3652,"Active"
29.8393,-84.5797,"Active"
29.0241,-90.558,"Active"
30.3944,-88.6179,"Active"
29.2264,-95.0062,"Active"
24.5423,-81.8557,"Active"
29.423,-93.6722,"Active"
30.3387,-89.3393,"Active"
26.671,-80.0159,"Active"
28.6432,-96.2224,"Planned"
24.4814,-81.7174,"Active"
27.8385,-97.0846,"Active"
30.2343,-88.0423,"Active"
30.0257,-88.5113,"Active"
29.9861,-90.0675,"Planned"
24.5598,-81.8092,"Active"
30.3052,-88.5257,"Active"
30.1767,-89.2779,"Active"
24.4599,-81.9372,"Active"
29.4312,-94.6595,"Active"
30.2909,-87.5108,"Active"
30.2119,-88.3055,"Active"
30.1648,-89.3873,"Active"
24.4282,-81.9274,"Active"
30.3698,-88.809,"Active"
26.288,-82.8198,"Planned"
26.8211,-80.0796,"Active"
27.1763,-80.2678,"Active"
30.4082,-88.837,"Active"
29.7655,-88.9822,"Active"
29.6229,-92.0311,"Active"
30.2415,-88.5284,"Active"
24.4569,-82.1771,"Active"
27.5227,-82.7817,"Active"
29.5183,-87.0076,"Active"
30.3385,-88.5386,"Active"
30.3381,-89.2921,"Active"
26.9888,-80.1235,"Active"
30.3084,-88.2867,"Active"
30.3436,-88.5635,"Active"
24.6718,-81.7386,"Active"
30.1901,-88.2071,"Active"
30.3324,-86.8199,"Planned"
24.5194,-83.0656,"Active"
29.2357,-88.9742,"Planned"
30.3117,-88.4302,"Active"
29.2608,-83.1619,"Active"
25.4238,-80.1376,"Active"
30.3612,-88.6441,"Active"
24.4873,-81.8886,"Active"
30.2382,-88.6068,"Active"
30.3406,-88.4411,"Active"
28.1226,-97.0102,"Planned"
30.478,-88.5893,"Active"
24.4402,-81.9424,"Active"
30.18,-88.9889,"Planned"
29.7054,-86.2085,"Active"
30.3318,-88.2789,"Active"
29.7313,-85.3332,"Active"
28.4166,-96.3206,"Active"
30.4302,-88.81,"Active"
24.4583,-81.8645,"Active"
29.0253,-85.3095,"Active"
17.8658,-87.976,"Active"
24.4288,-81.9776,"Active"
27.2285,-80.1759,"Active"
28.8749,-90.8422,"Active"
30.3833,-88.8231,"Active"
29.7871,-93.9422,"Active"
29.9135,-88.8375,"Active"
30.3127,-88.3314,"Active"
24.4219,-81.9141,"Active"
24.4273,-81.9068,"Active"
24.6146,-82.2238,"Active"
27.7239,-82.527,"Active"
24.5213,-83.0553,"Active"
26.5791,-97.3308,"Active"
27.5775,-82.6828,"Active"
17.861,-88.0171,"Active"
26.2771,-81.9374,"Active"
26.7701,-80.0179,"Active"
28.736,-96.195,"Planned"
30.3096,-89.3305,"Active"
30.3758,-88.6356,"Active"
29.4317,-86.8824,"Active"
30.4637,-88.6234,"Active"
27.6661,-82.5672,"Active"
24.5178,-83.1408,"Active"
27.8426,-96.5356,"Active"
25.4219,-80.1681,"Active"
30.3945,-88.8116,"Active"
30.1639,-86.8417,"Planned"
18.1944,-87.8902,"Active"
30.3214,-88.5379,"Active"
24.5803,-81.8356,"Active"
27.1938,-80.2866,"Active"
24.4374,-81.9448,"Active"
30.3102,-89.3169,"Active"
29.8409,-85.3694,"Active"
27.1651,-80.1719,"Active"
29.977,-93.7779,"Active"
30.3253,-89.0557,"Active"
28.6204,-90.1086,"Active"
30.2324,-89.0724,"Active"
27.8695,-97.1723,"Active"
29.5253,-94.6934,"Active"
24.469,-81.7633,"Active"
27.2105,-80.2815,"Active"
28.16,-96.894,"Planned"
17.8773,-88.03,"Active"
30.2664,-89.2839,"Active"
30.2211,-89.0052,"Active"
30.3645,-89.6885,"Active"
26.6198,-80.016,"Active"
30.1826,-89.4882,"Active"
30.3393,-89.2691,"Active"
30.259,-89.0901,"Active"
28.074,-91.0185,"Active"
29.5193,-93.2202,"Active"
29.3076,-87.2589,"Active"
29.3693,-87.1802,"Active"
29.7901,-84.6592,"Active"
30.1902,-89.378,"Active"
30.2629,-88.3134,"Active"
29.8764,-88.8348,"Active"
29.5264,-94.7634,"Active"
29.1153,-83.2183,"Active"
27.0745,-80.0434,"Active"
27.009,-80.0431,"Active"
30.2816,-89.2607,"Active"
24.5797,-81.7943,"Active"
29.3668,-93.2074,"Active"
30.4361,-88.5734,"Active"
29.2132,-94.9816,"Active"
29.5561,-94.3674,"Active"
24.506,-83.11,"Active"
25.4802,-80.1302,"Active"
29.7768,-93.912,"Active"
24.4851,-81.738,"Active"
30.3264,-88.528,"Active"
28.0415,-93.5158,"Active"
30.3851,-88.5786,"Active"
30.1807,-89.3443,"Active"
24.5426,-81.8683,"Active"
26.9601,-97.4777,"Active"
24.4112,-81.9399,"Active"
27.5699,-97.2283,"Planned"
29.8587,-85.3897,"Active"
29.6147,-92.757,"Planned"
26.8279,-97.4742,"Active"
30.216,-88.5426,"Active"
29.7185,-94.1382,"Active"
27.5843,-96.4664,"Active"
27.215,-80.2069,"Active"
30.1877,-89.4398,"Active"
30.3088,-88.6811,"Active"
27.9587,-92.4401,"Active"
30.0757,-88.8884,"Active"
27.2191,-80.2587,"Active"
28.5816,-96.4739,"Planned"
27.9363,-93.8377,"Active"
30.2588,-88.0612,"Active"
24.4295,-81.8863,"Active"
30.2171,-88.9283,"Active"
24.5337,-81.8601,"Active"
25.4874,-80.136,"Active"
30.5214,-88.5922,"Active"
27.9237,-93.4414,"Active"
27.5308,-83.7233,"Active"
30.181,-88.5443,"Planned"
29.2399,-88.5721,"Active"
29.2629,-83.1213,"Active"
30.2308,-88.9271,"Active"
30.3386,-88.1417,"Active"
28.4209,-96.3758,"Active"
24.457,-81.72,"Active"
25.1188,-80.8675,"Active"
30.5298,-87.9362,"Active"
30.3371,-89.3119,"Active"
29.7313,-85.3336,"Active"
30.2108,-88.3682,"Active"
30.3772,-86.8263,"Planned"
30.3138,-88.3403,"Active"
29.7363,-85.3752,"Active"
30.3282,-88.4154,"Active"
25.4612,-80.1202,"Active"
28.9894,-91.6387,"Active"
29.2685,-83.0644,"Active"
30.2708,-89.2872,"Active"
30.3361,-89.2608,"Active"
30.2204,-88.4353,"Active"
24.406,-81.956,"Active"
30.2605,-87.5924,"Active"
24.5205,-81.9584,"Active"
29.8801,-85.3578,"Active"
30.4391,-88.5179,"Active"
28.6432,-96.0265,"Planned"
26.4424,-82.1653,"Planned"
29.7257,-85.3449,"Active"
27.7574,-95.0799,"Active"
30.3575,-88.6652,"Active"
30.2568,-88.3125,"Active"
30.1087,-87.8385,"Active"
24.4552,-81.8654,"Active"
26.9316,-80.067,"Active"
27.9333,-93.6313,"Active"
29.4559,-87.1258,"Active"
30.4262,-88.0389,"Active"
27.9335,-92.376,"Active"
29.2099,-88.9675,"Active"
29.3104,-83.1621,"Active"
24.4176,-81.9291,"Active"
30.0094,-86.6926,"Active"
29.8089,-85.3682,"Active"
30.156,-89.3734,"Active"
30.3086,-88.4263,"Active"
24.4202,-81.9834,"Active"
27.7873,-94.8445,"Active"
30.2851,-89.2901,"Active"
30.2125,-88.3085,"Active"
25.0797,-80.9143,"Active"
28.7411,-96.595,"Planned"
26.7942,-79.9585,"Active"
30.3554,-88.3914,"Active"
29.1086,-83.4552,"Active"
26.3339,-82.0777,"Planned"
28.9605,-89.2375,"Active"
30.6772,-87.971,"Active"
26.5212,-80.0405,"Active"
17.8625,-88.0416,"Active"
30.3281,-88.6113,"Active"
28.0426,-92.2587,"Active"
29.978,-93.7833,"Active"
30.355,-86.6301,"Active"
25.4108,-80.1227,"Active"
27.044,-80.0706,"Active"
27.4895,-80.2827,"Active"
27.862,-97.1399,"Active"
29.3251,-83.1587,"Active"
27.0718,-80.1308,"Active"
30.2135,-88.3615,"Active"
29.6798,-85.3617,"Active"
30.3385,-88.4237,"Active"
30.3292,-88.5673,"Active"
27.9414,-93.5598,"Planned"
27.6643,-96.2757,"Planned"
29.1308,-83.2943,"Active"
29.2926,-83.0603,"Active"
29.2856,-83.0844,"Active"
29.8284,-85.3205,"Active"
27.7298,-97.3345,"Active"
26.7825,-80.0344,"Active"
29.8415,-85.3354,"Active"
30.4938,-88.6171,"Active"
30.3745,-88.8327,"Active"
29.8781,-85.4905,"Active"
29.7596,-85.3189,"Active"
30.2128,-89.0709,"Active"
24.4256,-81.9411,"Active"
30.2685,-86.8109,"Planned"
30.205,-88.0353,"Active"
30.3415,-88.2695,"Active"
25.4375,-80.141,"Active"
30.2243,-86.8197,"Planned"
30.3604,-88.6206,"Active"
27.1867,-80.2082,"Active"
30.2177,-88.3574,"Active"
25.438,-80.1929,"Active"
24.5395,-81.8802,"Active"
30.2234,-89.1427,"Active"
28.3816,-96.4235,"Active"
24.4333,-81.9135,"Active"
27.9074,-92.3753,"Planned"
29.2732,-94.9215,"Active"
27.7115,-97.0788,"Active"
29.174,-83.581,"Active"
24.4865,-81.8381,"Active"
30.2313,-88.0308,"Active"
26.5431,-80.0329,"Active"
27.2354,-80.0878,"Active"
29.7179,-85.3901,"Active"
30.3416,-88.5719,"Active"
27.4845,-83.2616,"Active"
30.2236,-88.5121,"Active"
29.2831,-83.1796,"Active"
24.4893,-81.831,"Active"
27.2068,-80.1793,"Active"
25.4806,-80.1154,"Active"
24.4247,-81.987,"Active"
30.235,-89.2341,"Active"
29.2158,-95.0136,"Active"
30.3902,-88.6265,"Active"
24.4319,-81.9157,"Active"
30.2346,-89.0159,"Active"
30.3287,-86.8155,"Planned"
30.3728,-88.5709,"Active"
30.0117,-93.7665,"Active"
30.2401,-87.7191,"Active"
19.13,-95.8349,"Active"
30.3859,-88.8183,"Active"
24.4072,-81.9682,"Active"
26.6286,-80.0141,"Active"
26.1662,-96.8606,"Active"
30.2165,-88.8109,"Active"
25.1942,-80.8918,"Active"
29.8128,-91.4279,"Active"
30.2336,-88.4768,"Active"
29.887,-88.8566,"Active"
30.3336,-89.3411,"Active"
27.8781,-80.4738,"Active"
30.1745,-88.0756,"Active"
28.4201,-94.2877,"Active"
30.2698,-87.5155,"Active"
30.337,-89.2882,"Active"
24.4092,-81.9236,"Active"
24.4888,-81.8802,"Active"
27.8055,-93.0908,"Active"
30.3627,-88.5697,"Active"
29.1272,-94.8051,"Active"
30.2408,-89.0095,"Active"
30.2571,-89.18,"Active"
25.4707,-80.1143,"Active"
24.4798,-81.7697,"Active"
30.3553,-89.2874,"Active"
30.3692,-86.8422,"Planned"
30.257,-88.5056,"Active"
29.3581,-94.8306,"Active"
29.7752,-85.3277,"Active"
30.3317,-88.5614,"Active"
26.2769,-82.0345,"Active"
30.3729,-88.6152,"Active"
30.292,-89.6256,"Active"
30.5145,-87.9068,"Active"
26.5213,-97.11,"Active"
26.709,-80.0261,"Active"
30.6259,-88.0916,"Active"
27.2558,-80.2427,"Active"
29.8649,-93.7097,"Active"
24.4316,-81.9221,"Active"
28.1436,-96.8369,"Active"
30.2173,-88.5426,"Active"
30.315,-89.285,"Active"
26.1825,-82.9367,"Planned"
27.2736,-80.2416,"Active"
26.2684,-97.0076,"Active"
29.8216,-84.5591,"Active"
30.1574,-89.4424,"Active"
30.3056,-88.656,"Active"
29.2762,-89.9438,"Active"
27.3151,-80.2722,"Active"
30.3124,-88.1775,"Active"
24.4359,-81.9256,"Active"
30.1754,-89.4859,"Active"
25.4087,-80.1418,"Active"
29.9309,-93.7772,"Active"
24.429,-81.9905,"Active"
30.3182,-88.4947,"Active"
28.8854,-90.4821,"Active"
25.418,-80.1357,"Active"
25.4678,-80.1098,"Active"
24.4627,-81.874,"Active"
30.2761,-87.8669,"Active"
26.7944,-79.9674,"Active"
24.4391,-81.9356,"Active"
24.4679,-81.7364,"Active"
26.5609,-97.3817,"Active"
25.2265,-82.423,"Planned"
27.7331,-97.3416,"Active"
30.2056,-89.2776,"Active"
30.3243,-88.4761,"Active"
29.9827,-92.7796,"Active"
30.2208,-88.5593,"Active"
30.1598,-86.8153,"Planned"
29.6303,-85.3781,"Active"
30.3911,-88.4125,"Active"
29.5433,-94.09,"Active"
27.106,-80.1587,"Active"
29.8723,-85.2115,"Active"
30.2085,-88.3644,"Active"
27.1129,-80.1302,"Active"
25.4198,-80.128,"Active"
30.2599,-88.5421,"Active"
27.1717,-80.188,"Active"
27.9225,-93.5646,"Planned"
24.4171,-81.9273,"Active"
28.1097,-96.9171,"Planned"
30.3136,-88.592,"Active"
27.6799,-82.5756,"Active"
30.2425,-88.3859,"Active"
24.4261,-81.9425,"Active"
26.9409,-80.0393,"Active"
30.3068,-88.6289,"Active"
29.2724,-83.1443,"Active"
29.7862,-85.3238,"Active"
30.4653,-88.6077,"Active"
30.3891,-88.8144,"Active"
27.5377,-83.4304,"Active"
26.7562,-80.0393,"Active"
24.4825,-81.8811,"Active"
24.6186,-82.2102,"Active"
29.9566,-86.5778,"Active"
30.1141,-88.9258,"Planned"
30.2776,-88.3391,"Active"
30.3265,-89.3423,"Active"
30.0363,-86.6315,"Active"
30.1376,-88.0567,"Active"
26.5327,-80.0641,"Active"
30.2669,-89.2698,"Active"
24.5296,-83.1417,"Active"
30.3411,-89.3303,"Active"
30.4109,-88.583,"Active"
30.2907,-87.9729,"Active"
24.4345,-81.9122,"Active"
30.3638,-88.8192,"Active"
24.4634,-81.9347,"Active"
30.2903,-88.56,"Active"
29.5871,-89.0645,"Active"
27.8679,-97.0791,"Active"
28.0698,-96.845,"Active"
30.2201,-89.274,"Active"
29.7201,-85.321,"Active"
30.23,-88.5084,"Active"
30.2868,-88.5385,"Active"
24.5749,-81.73,"Active"
29.7106,-85.3761,"Active"
29.5768,-94.569,"Active"
27.6595,-82.8884,"Active"
24.4771,-81.7287,"Active"
30.2241,-88.9656,"Active"
30.3947,-88.8115,"Active"
30.2172,-88.0162,"Active"
24.5122,-81.8695,"Active"
30.3104,-89.2571,"Active"
28.1572,-97.0279,"Planned"
30.2176,-88.3577,"Active"
27.234,-80.0659,"Active"
27.6291,-82.5874,"Active"
30.3186,-88.607,"Active"
26.578,-97.2811,"Active"
29.1152,-83.1705,"Active"
30.5699,-88.0558,"Active"
24.4325,-81.9423,"Active"
30.1781,-88.9691,"Planned"
30.3141,-88.5656,"Active"
24.4895,-81.881,"Active"
30.0554,-86.2762,"Active"
27.1646,-80.177,"Active"
28.3341,-92.4732,"Active"
30.2243,-89.2108,"Active"
27.2283,-80.1317,"Active"
30.2939,-86.8248,"Planned"
29.7824,-85.3584,"Active"
30.2422,-88.287,"Active"
30.2287,-88.2209,"Active"
30.3116,-89.3248,"Active"
30.1816,-88.5692,"Planned"
30.1933,-87.9709,"Active"
30.3915,-88.3619,"Active"
30.3304,-89.3201,"Active"
30.3119,-88.5721,"Active"
24.4802,-81.8682,"Active"
29.7223,-85.3416,"Active"
26.6854,-82.3671,"Planned"
27.0344,-80.0921,"Active"
24.4572,-81.7597,"Active"
25.126,-80.9227,"Active"
27.909,-93.5874,"Planned"
25.4654,-80.1107,"Active"
27.8757,-97.1751,"Active"
24.5296,-81.8746,"Active"
30.2343,-88.8408,"Active"
26.592,-80.0239,"Active"
30.2216,-88.5313,"Planned"
28.0758,-91.0612,"Active"
28.1572,-94.2789,"Active"
29.4156,-93.6779,"Active"
30.333,-89.3617,"Active"
18.2279,-87.8719,"Active"
30.2227,-88.5081,"Active"
29.1163,-83.4294,"Active"
24.4784,-81.9325,"Active"
30.1838,-88.0238,"Active"
30.1592,-88.0163,"Active"
30.3059,-88.1357,"Active"
24.485,-81.9375,"Active"
24.5254,-83.0589,"Active"
26.9137,-80.1092,"Active"
29.543,-93.4753,"Active"
30.1915,-88.9624,"Planned"
27.6702,-83.2927,"Active"
30.3914,-88.8827,"Active"
26.7828,-80.0098,"Active"
30.3283,-88.5877,"Active"
29.6559,-88.9741,"Active"
24.4221,-82.1099,"Active"
30.3334,-88.0164,"Active"
29.6732,-85.1827,"Planned"
27.2286,-80.211,"Active"
30.3352,-89.3445,"Active"
30.3111,-88.6654,"Active"
30.3372,-88.5335,"Active"
30.4187,-88.0323,"Active"
30.3883,-88.0354,"Active"
24.4324,-81.8731,"Active"
25.4355,-80.1323,"Active"
29.3081,-93.2407,"Active"
30.3388,-88.5385,"Active"
30.2864,-88.1209,"Active"
24.4395,-81.9296,"Active"
30.3339,-87.4323,"Active"
24.4555,-82.2278,"Active"
27.8607,-93.8365,"Active"
26.4271,-97.0102,"Active"
26.9155,-80.0425,"Active"
27.3594,-80.3376,"Active"
27.7207,-97.1305,"Active"
30.2887,-89.2717,"Active"
30.1385,-88.9075,"Planned"
30.2154,-88.5721,"Active"
27.1947,-80.192,"Active"
28.0086,-92.4802,"Planned"
27.226,-80.0813,"Active"
30.3103,-86.8169,"Planned"
30.187,-86.8223,"Planned"
24.471,-83.1184,"Active"
29.1086,-83.4644,"Active"
27.2417,-80.1069,"Active"
26.9146,-80.0845,"Active"
25.4334,-80.1157,"Active"
27.9307,-92.3904,"Planned"
27.966,-92.3586,"Planned"
27.2845,-80.2342,"Active"
26.1938,-81.923,"Active"
30.3336,-88.6912,"Active"
27.763,-94.7386,"Active"
27.1947,-80.283,"Active"
24.4613,-81.865,"Active"
30.4387,-89.0447,"Active"
29.1235,-83.2709,"Active"
27.2926,-80.2254,"Active"
30.3175,-86.8405,"Planned"
30.3138,-88.5943,"Active"
29.1565,-95.0598,"Active"
25.4265,-80.1401,"Active"
30.3158,-88.565,"Active"
28.9862,-89.1138,"Active"
27.9872,-91.6562,"Active"
24.5128,-81.8884,"Active"
30.2448,-89.6295,"Active"
30.3933,-88.2585,"Active"
29.7287,-94.0149,"Active"
30.2763,-88.5188,"Active"
28.7072,-95.5154,"Active"
24.6139,-81.1938,"Active"
28.6763,-89.5653,"Active"
30.2228,-89.1137,"Active"
30.1796,-89.2714,"Active"
30.2175,-88.0057,"Active"
29.8635,-85.4309,"Active"
27.2928,-80.2088,"Active"
27.2239,-80.1717,"Active"
30.2854,-88.3133,"Active"
27.7437,-96.1643,"Active"
29.3587,-94.8274,"Active"
29.7308,-91.3582,"Active"
26.2772,-97.0287,"Active"
29.2099,-86.8928,"Active"
30.3098,-88.5608,"Active"
24.4415,-81.9291,"Active"
25.1168,-80.9223,"Active"
28.2602,-82.7448,"Active"
30.2735,-88.8677,"Active"
30.3054,-88.1583,"Active"
30.1245,-88.0634,"Active"
30.3792,-86.6296,"Active"
30.4934,-88.1133,"Active"
24.4079,-81.926,"Active"
27.4907,-80.3341,"Active"
28.3116,-82.7664,"Active"
24.426,-81.9072,"Active"
30.2188,-88.2859,"Active"
29.1192,-89.5127,"Active"
26.9718,-80.1247,"Active"
30.3736,-88.8864,"Active"
30.3419,-89.2581,"Active"
29.6221,-91.2704,"Active"
27.891,-80.4373,"Active"
24.4204,-81.9078,"Active"
30.3077,-86.8051,"Planned"
30.306,-88.6403,"Active"
25.0695,-80.9167,"Active"
28.8668,-91.0274,"Active"
30.3267,-88.5598,"Active"
29.5684,-91.4129,"Active"
29.73,-91.389,"Active"
30.1554,-86.827,"Planned"
27.2281,-80.2114,"Active"
27.7101,-97.3236,"Active"
24.4067,-82.0358,"Active"
27.4111,-96.5377,"Active"
29.8133,-92.2742,"Active"
29.6189,-91.3839,"Active"
24.438,-81.9108,"Active"
29.0641,-90.2431,"Active"
24.5652,-81.7254,"Active"
30.2086,-89.6749,"Active"
30.2695,-89.3413,"Active"
27.9885,-92.5062,"Active"
27.6075,-83.3166,"Planned"
30.439,-89.0114,"Active"
30.042,-88.5918,"Planned"
27.7383,-97.3174,"Active"
30.3877,-86.8734,"Active"
25.1346,-80.9106,"Active"
30.2209,-89.0067,"Active"
29.7855,-93.891,"Active"
30.2116,-85.8784,"Active"
29.1358,-83.3711,"Active"
26.4427,-81.9657,"Planned"
28.5826,-96.6305,"Planned"
24.67,-80.9946,"Active"
29.3613,-94.7407,"Active"
30.2609,-88.3283,"Active"
27.2415,-80.2899,"Active"
29.9785,-85.5252,"Active"
30.4391,-88.9929,"Active"
30.3757,-88.5885,"Active"
29.3265,-94.7815,"Active"
30.187,-87.6928,"Active"
24.4849,-81.7899,"Active"
27.5073,-82.9685,"Active"
24.4715,-81.8576,"Active"
28.9886,-89.1084,"Planned"
30.1772,-89.4382,"Active"
24.4407,-81.9338,"Active"
30.3121,-89.3178,"Active"
27.3213,-80.3088,"Active"
29.7194,-85.4691,"Active"
30.4053,-88.881,"Active"
27.2079,-80.3172,"Active"
29.4782,-93.2414,"Active"
30.4595,-87.975,"Active"
24.4175,-81.9438,"Active"
28.5361,-96.0694,"Active"
28.6429,-96.5586,"Planned"
30.3941,-88.5789,"Active"
30.236,-88.7946,"Active"
29.4249,-89.6299,"Planned"
29.1904,-89.8922,"Active"
30.6786,-88.0268,"Active"
24.5629,-81.8428,"Active"
24.5062,-83.1445,"Active"
29.2385,-95.2309,"Active"
24.4767,-81.7561,"Active"
30.2273,-88.5241,"Active"
27.1678,-80.157,"Active"
25.4867,-80.1249,"Active"
30.2189,-88.5328,"Active"
29.6222,-91.2261,"Active"
30.2819,-86.8187,"Planned"
27.5095,-82.8885,"Active"
30.1893,-86.8233,"Planned"
30.3094,-88.6354,"Active"
27.2411,-80.0768,"Active"
27.6061,-97.243,"Active"
27.2448,-80.1926,"Active"
30.2567,-88.2064,"Active"
30.3709,-88.2564,"Active"
30.2237,-88.093,"Active"
30.0091,-93.7072,"Active"
30.2393,-86.8161,"Planned"
28.2762,-82.7578,"Active"
29.1648,-94.9808,"Active"
30.3276,-88.6443,"Active"
26.9791,-80.074,"Active"
30.2181,-88.6937,"Planned"
24.4598,-81.8848,"Active"
27.435,-96.7805,"Planned"
29.1449,-86.8782,"Active"
26.4385,-82.3366,"Planned"
30.3146,-89.0873,"Active"
24.5915,-81.835,"Active"
29.0704,-95.1434,"Active"
25.1313,-80.8623,"Active"
24.4842,-81.7853,"Active"
26.8245,-80.0865,"Active"
25.1429,-80.8617,"Active"
28.6074,-96.608,"Planned"
29.7218,-85.3872,"Active"
27.0256,-80.0138,"Active"
30.2267,-88.3758,"Active"
30.3194,-88.5862,"Active"
27.2945,-80.2291,"Active"
25.9934,-97.0637,"Active"
27.2769,-80.3193,"Active"
27.816,-91.8187,"Active"
27.6393,-97.2288,"Active"
29.836,-93.7791,"Active"
24.5325,-81.8738,"Active"
30.3317,-88.692,"Active"
24.4361,-81.9296,"Active"
28.5876,-96.193,"Planned"
26.7692,-80.04,"Active"
30.1557,-89.3407,"Active"
24.424,-81.9386,"Active"
28.2574,-82.7938,"Active"
18.0631,-87.8694,"Active"
19.1429,-95.8248,"Active"
27.1616,-80.2868,"Active"
30.3886,-87.8891,"Active"
29.2153,-88.5702,"Active"
24.4237,-81.9261,"Active"
30.2291,-86.817,"Planned"
28.1345,-91.9287,"Active"
28.5658,-95.8142,"Active"
29.8798,-89.9624,"Planned"
30.39,-88.3939,"Active"
29.8617,-93.7917,"Active"
28.2926,-82.7376,"Active"
26.9935,-80.0838,"Active"
30.2942,-86.8354,"Planned"
27.9811,-92.0103,"Active"
30.0116,-88.8683,"Active"
25.4265,-80.1235,"Active"
30.2394,-88.5208,"Active"
27.2253,-80.2366,"Active"
29.8832,-85.3696,"Active"
29.3299,-83.1565,"Active"
30.2235,-88.5103,"Active"
27.6558,-83.0826,"Active"
29.78,-85.362,"Active"
26.836,-80.0057,"Active"
29.5439,-89.1139,"Active"
27.889,-97.1652,"Active"
27.8845,-96.1934,"Active"
30.1421,-88.9592,"Planned"
30.2091,-89.0936,"Active"
25.4874,-80.1128,"Active"
27.8714,-93.3164,"Active"
24.4322,-81.9071,"Active"
29.3334,-86.8756,"Active"
29.1838,-83.517,"Active"
29.6842,-85.2075,"Active"
30.1672,-88.9778,"Planned"
29.7087,-93.8602,"Active"
30.2291,-87.7175,"Active"
24.4578,-81.7912,"Active"
30.1757,-88.0421,"Active"
30.2262,-86.8223,"Planned"
27.93,-93.5907,"Active"
26.4122,-97.0216,"Active"
27.8585,-93.6312,"Active"
24.6723,-81.9395,"Active"
25.4324,-80.1857,"Active"
30.3947,-88.3774,"Active"
29.8785,-84.6395,"Active"
25.4143,-80.1173,"Active"
30.1149,-88.056,"Active"
30.3308,-88.5563,"Active"
30.2732,-88.623,"Active"
30.035,-86.7394,"Active"
30.2683,-89.2846,"Active"
30.278,-88.3231,"Active"
30.4434,-89.0232,"Active"
30.4719,-89.7366,"Active"
30.1871,-89.4903,"Active"
26.9811,-80.0669,"Active"
28.6333,-89.7818,"Active"
30.2722,-88.531,"Active"
29.739,-85.3184,"Active"
30.2395,-88.3065,"Active"
26.9936,-80.1095,"Active"
30.2762,-88.1726,"Active"
29.8559,-85.3711,"Active"
25.1145,-80.9634,"Active"
30.339,-88.4445,"Active"
30.2289,-88.7611,"Active"
30.4299,-88.4694,"Active"
30.2389,-88.5076,"Active"
30.4058,-88.0589,"Active"
30.1193,-86.8188,"Planned"
30.2763,-86.834,"Planned"
29.7339,-92.138,"Active"
30.3143,-86.8146,"Planned"
30.4109,-89.6917,"Active"
24.4201,-81.923,"Active"
26.9607,-80.1236,"Active"
25.1377,-80.8936,"Active"
30.2868,-89.3347,"Active"
27.6577,-82.887,"Active"
24.5202,-81.8818,"Active"
30.1732,-88.0764,"Active"
30.2375,-89.0924,"Active"
29.774,-85.323,"Active"
24.5651,-81.8186,"Active"
27.711,-97.0918,"Active"
27.8882,-97.1737,"Active"
27.4187,-96.5138,"Active"
30.1083,-86.7718,"Active"
30.2342,-89.0822,"Active"
24.6144,-82.2055,"Active"
30.287,-88.6221,"Active"
29.9235,-91.2084,"Active"
24.5335,-81.876,"Active"
30.2164,-89.6162,"Active"
27.8106,-93.688,"Active"
30.2907,-89.2607,"Active"
26.9557,-80.0301,"Active"
24.5862,-81.8387,"Active"
29.2394,-94.9055,"Active"
27.6086,-97.0401,"Active"
30.465,-88.5593,"Active"
30.2601,-87.7785,"Active"
24.5397,-83.1353,"Active"
24.5842,-81.7709,"Active"
26.7666,-80.0255,"Active"
30.1194,-88.2922,"Active"
24.5812,-81.7562,"Active"
30.2164,-87.957,"Active"
26.7441,-80.0391,"Active"
24.4424,-81.8806,"Active"
29.1375,-83.3238,"Active"
28.7103,-89.8848,"Active"
25.4177,-80.1099,"Active"
30.3357,-89.3345,"Active"
30.0057,-86.6811,"Active"
30.3616,-86.7692,"Active"
30.3241,-89.3678,"Active"
24.4589,-81.7077,"Active"
26.8948,-80.0379,"Active"
27.2381,-80.0753,"Active"
25.4064,-80.1301,"Active"
25.125,-80.8658,"Active"
30.4138,-88.8594,"Active"
30.2264,-88.9114,"Active"
24.4922,-81.8609,"Active"
28.8554,-94.6904,"Active"
25.483,-80.1315,"Active"
24.5823,-81.8097,"Active"
29.7152,-85.3901,"Active"
27.9292,-93.5581,"Active"
27.0091,-80.0874,"Active"
24.5353,-81.5852,"Active"
27.2325,-80.1349,"Active"
30.1262,-86.8175,"Planned"
30.2135,-89.0629,"Active"
26.7838,-80.0199,"Active"
26.0104,-83.0781,"Active"
30.3428,-88.6114,"Active"
29.8066,-85.3876,"Active"
27.176,-80.1637,"Active"
25.1322,-80.8807,"Active"
25.488,-80.1271,"Active"
29.7747,-85.3353,"Active"
29.7333,-85.312,"Active"
29.7919,-85.3312,"Active"
24.4656,-83.1197,"Active"
27.1832,-80.1806,"Active"
24.5257,-81.9674,"Active"
30.239,-88.341,"Active"
26.9178,-80.0324,"Active"
30.0059,-86.709,"Active"
27.4834,-82.8936,"Active"
28.0275,-92.4151,"Planned"
27.4818,-83.0804,"Active"
30.0593,-88.2205,"Active"
29.788,-93.3085,"Planned"
29.7268,-85.3737,"Active"
30.1566,-88.1627,"Active"
24.5853,-81.8282,"Active"
29.7838,-85.3749,"Active"
28.2726,-94.2096,"Active"
30.319,-88.6252,"Active"
24.413,-81.9377,"Active"
30.2299,-88.3865,"Active"
26.9624,-80.1374,"Active"
27.9325,-93.6089,"Planned"
26.7128,-80.0162,"Active"
29.7443,-85.3819,"Active"
27.8075,-92.866,"Active"
30.2056,-88.4643,"Active"
26.3396,-82.2188,"Planned"
29.8384,-85.3904,"Active"
24.4862,-83.1352,"Active"
28.0056,-93.9725,"Active"
30.5426,-88.5676,"Active"
28.8235,-95.3761,"Active"
24.467,-81.7664,"Active"
30.2819,-89.3889,"Active"
29.1804,-91.5847,"Planned"
30.2822,-88.128,"Active"
27.9276,-93.5573,"Active"
30.3781,-89.3418,"Active"
30.2794,-88.1582,"Active"
24.4342,-82.0368,"Active"
30.3771,-88.8177,"Active"
26.3148,-81.9444,"Active"
24.5153,-81.5587,"Active"
24.4325,-81.9915,"Active"
30.2291,-88.3271,"Active"
29.7337,-85.3837,"Active"
27.6728,-80.3846,"Active"
30.2057,-88.5172,"Active"
29.7186,-85.3336,"Active"
25.4798,-80.112,"Active"
30.2657,-89.6437,"Active"
24.514,-81.8904,"Active"
28.7191,-91.224,"Active"
24.4188,-81.9276,"Active"
30.2094,-89.0203,"Active"
29.0238,-90.5928,"Active"
29.9095,-93.0857,"Active"
29.8413,-93.8934,"Active"
27.716,-97.3073,"Active"
29.6331,-93.6641,"Active"
28.0234,-92.4647,"Active"
30.3693,-88.427,"Active"
30.2424,-88.8433,"Active"
30.1645,-86.8436,"Planned"
29.7808,-88.87,"Active"
29.8256,-85.3216,"Active"
29.7436,-91.2375,"Active"
29.7617,-93.9649,"Active"
25.1052,-80.9604,"Active"
26.941,-80.0445,"Active"
28.426,-96.4175,"Active"
27.2345,-80.0815,"Active"
24.4068,-81.859,"Active"
29.8298,-85.423,"Active"
27.4262,-82.9699,"Active"
30.5312,-88.6365,"Active"
30.369,-88.5942,"Active"
27.9287,-93.6439,"Active"
24.4899,-81.7858,"Active"
29.8777,-85.3817,"Active"
24.455,-81.7854,"Active"
26.7794,-79.0067,"Active"
27.1811,-80.0847,"Active"
26.4442,-82.4111,"Planned"
27.2251,-80.1358,"Active"
25.1871,-83.4813,"Active"
29.1778,-89.8703,"Active"
29.5299,-93.8345,"Active"
29.2806,-94.9671,"Active"
29.3144,-83.1706,"Active"
30.3756,-88.5838,"Active"
24.4804,-83.1173,"Active"
30.1925,-87.9381,"Active"
29.1598,-83.6264,"Active"
24.4287,-81.8805,"Active"
29.672,-93.8321,"Active"
29.4786,-93.6564,"Active"
30.3808,-86.8058,"Planned"
30.2073,-89.0297,"Active"
24.4375,-81.9307,"Active"
28.0917,-92.4864,"Active"
29.6322,-85.109,"Active"
30.3701,-88.5056,"Active"
27.1133,-80.1438,"Active"
30.237,-88.5287,"Active"
30.1309,-86.8179,"Planned"
24.4856,-83.1223,"Active"
27.3358,-80.3299,"Active"
30.1321,-88.8738,"Planned"
30.2858,-88.2668,"Active"
29.6187,-90.6639,"Active"
29.1785,-95.0163,"Active"
26.7865,-80.0423,"Active"
25.457,-80.1095,"Active"
24.4129,-81.9875,"Active"
30.3278,-88.5833,"Active"
27.8258,-97.0797,"Active"
26.7806,-80.02,"Active"
27.8945,-97.1345,"Active"
30.0887,-88.5651,"Active"
30.3592,-88.4252,"Active"
29.9745,-93.8568,"Active"
25.4276,-80.1166,"Active"
30.327,-89.3132,"Active"
30.2599,-89.2884,"Active"
29.872,-93.9322,"Active"
30.2202,-88.8232,"Active"
30.2691,-88.6329,"Active"
30.3397,-88.518,"Active"
30.3922,-88.8848,"Active"
27.8733,-97.0861,"Active"
30.2173,-89.1773,"Active"
29.641,-90.9719,"Active"
29.7121,-85.3209,"Active"
24.4113,-81.9135,"Active"
30.2867,-88.1237,"Active"
25.4057,-80.1408,"Active"
29.2568,-94.779,"Active"
26.8118,-80.0196,"Active"
28.2678,-94.2429,"Active"
30.2935,-88.3165,"Active"
29.277,-83.1177,"Active"
30.3339,-88.6858,"Active"
29.8109,-85.3653,"Active"
29.6669,-85.3163,"Active"
30.6639,-87.934,"Active"
30.433,-88.9691,"Active"
30.2331,-89.0833,"Active"
29.7329,-85.3661,"Active"
30.1607,-88.5583,"Planned"
30.0563,-88.713,"Planned"
27.3626,-80.3199,"Active"
30.1948,-88.0209,"Active"
30.2254,-88.0734,"Active"
29.7052,-91.2426,"Active"
27.2185,-80.2622,"Active"
29.6367,-84.9865,"Active"
26.1398,-96.8839,"Active"
29.8176,-85.4106,"Active"
25.1425,-80.9593,"Active"
30.2344,-89.6225,"Active"
24.5806,-81.7186,"Active"
27.8784,-93.4331,"Active"
28.5851,-94.834,"Active"
29.4332,-94.891,"Active"
30.2563,-88.9061,"Active"
29.257,-83.1298,"Active"
29.2401,-89.3396,"Active"
30.2836,-89.2789,"Active"
30.3432,-89.3124,"Active"
30.2315,-88.5909,"Active"
30.3447,-88.5136,"Active"
30.0932,-86.7573,"Active"
29.7079,-85.324,"Active"
27.2053,-80.0088,"Active"
30.2088,-88.8211,"Active"
28.9286,-89.6173,"Planned"
28.9111,-95.3151,"Active"
27.862,-80.4322,"Active"
29.3805,-88.9734,"Active"
30.4369,-88.5917,"Active"
27.585,-83.1174,"Active"
29.325,-83.1696,"Active"
30.2585,-88.5357,"Active"
30.3721,-88.6084,"Active"
28.9874,-89.986,"Active"
25.4595,-80.1136,"Active"
24.5683,-81.7284,"Active"
27.481,-83.2088,"Active"
25.4231,-80.141,"Active"
30.2689,-89.0197,"Active"
24.4273,-81.9315,"Active"
26.1286,-96.2165,"Active"
30.1293,-88.559,"Planned"
30.1662,-89.4289,"Active"
30.434,-88.6268,"Active"
24.4399,-81.9119,"Active"
27.6615,-83.0768,"Active"
24.4269,-81.9868,"Active"
29.2598,-83.1829,"Active"
27.1601,-82.9315,"Active"
30.2095,-89.1307,"Active"
26.3663,-82.0281,"Planned"
29.6145,-93.3223,"Active"
27.2257,-80.1123,"Active"
27.2195,-80.1412,"Active"
27.2229,-80.1216,"Active"
27.0355,-80.0142,"Active"
30.3199,-88.4322,"Active"
30.216,-88.8929,"Active"
30.2321,-89.6331,"Active"
29.6641,-85.3126,"Active"
29.7945,-84.6728,"Active"
30.1879,-89.3638,"Active"
30.3837,-88.8626,"Active"
30.0721,-88.586,"Active"
30.3173,-88.6331,"Active"
30.3755,-88.4839,"Active"
29.7665,-91.9277,"Active"
29.161,-88.9157,"Planned"
30.1769,-88.744,"Active"
30.3894,-88.2807,"Active"
24.4092,-81.9367,"Active"
27.4794,-82.9843,"Active"
30.3909,-88.8278,"Active"
30.2784,-88.5298,"Active"
27.042,-80.0759,"Active"
30.325,-88.5637,"Active"
27.228,-80.1172,"Active"
25.4755,-80.159,"Active"
30.2881,-88.5372,"Active"
29.7935,-85.3823,"Active"
30.3699,-88.5697,"Active"
30.2133,-88.3894,"Active"
26.6801,-80.0416,"Active"
29.7209,-94.0126,"Active"
29.2686,-83.1944,"Active"
27.4876,-82.989,"Active"
30.2367,-88.5176,"Active"
27.1337,-97.4144,"Active"
30.2823,-86.8195,"Planned"
25.4625,-80.133,"Active"
30.275,-88.5266,"Active"
30.1393,-88.3935,"Active"
26.7925,-80.0181,"Active"
27.9339,-93.5577,"Planned"
28.5197,-96.2177,"Planned"
30.3763,-88.3562,"Active"
27.1819,-80.1892,"Active"
25.055,-80.9726,"Active"
30.2163,-89.0846,"Active"
28.867,-89.4237,"Planned"
27.6424,-97.2395,"Active"
28.776,-89.1882,"Active"
24.4137,-81.9216,"Active"
30.3409,-86.8164,"Planned"
29.8258,-85.3312,"Active"
30.2396,-87.6563,"Active"
30.2381,-88.5336,"Active"
30.1412,-86.5847,"Active"
26.5901,-97.3165,"Active"
29.2564,-83.1836,"Active"
30.2402,-88.0433,"Active"
30.3435,-88.2843,"Active"
30.2234,-88.3614,"Active"
27.223,-80.2707,"Active"
30.383,-86.8171,"Planned"
29.7388,-85.3306,"Active"
29.2699,-83.1127,"Active"
28.4197,-96.3159,"Active"
30.262,-86.8238,"Planned"
30.3365,-88.5367,"Active"
29.8925,-88.8687,"Active"
30.2291,-89.6251,"Active"
30.2101,-88.0607,"Active"
25.4409,-80.1286,"Active"
29.2676,-83.1404,"Active"
30.3863,-87.4558,"Active"
24.5245,-83.1302,"Active"
27.7943,-94.9577,"Active"
30.2257,-88.9144,"Active"
30.3848,-89.2674,"Active"
30.1605,-88.7248,"Active"
29.813,-93.9875,"Active"
24.4659,-81.9379,"Active"
25.4831,-80.1112,"Active"
24.4102,-81.9267,"Active"
24.4386,-81.8792,"Active"
30.3662,-88.6649,"Active"
27.1677,-80.1074,"Active"
30.2439,-86.8305,"Planned"
26.592,-82.7205,"Planned"
25.4904,-80.1084,"Active"
28.0887,-91.9698,"Active"
28.5581,-96.0934,"Planned"
30.1924,-86.8195,"Planned"
29.2692,-83.0898,"Active"
27.6426,-97.2349,"Active"
28.5143,-90.8792,"Active"
25.1061,-80.8801,"Active"
27.2137,-80.2949,"Active"
24.5585,-81.72,"Active"
30.3168,-88.3062,"Active"
30.3123,-89.306,"Active"
30.2348,-88.0194,"Active"
24.5428,-81.9819,"Active"
30.3859,-88.5904,"Active"
27.2097,-80.2103,"Active"
24.5331,-83.1162,"Active"
30.3813,-88.5286,"Active"
26.7658,-80.0227,"Active"
17.892,-88.0339,"Active"
27.182,-80.2824,"Active"
26.7885,-80.0372,"Active"
24.4906,-81.8614,"Active"
30.2114,-88.2899,"Active"
24.4901,-81.7663,"Active"
30.2106,-89.1929,"Active"
27.9292,-92.4127,"Planned"
29.7388,-84.9652,"Active"
27.9595,-92.5946,"Active"
24.4811,-81.8771,"Active"
30.2817,-88.0257,"Active"
30.1578,-87.5407,"Active"
30.2076,-86.8317,"Planned"
24.5665,-81.8252,"Active"
